condition,label,concurrency,summary_file,successful_runs,failed_runs,ttft_p50_ms,ttft_p95_ms,e2e_p50_ms,e2e_p95_ms,tpot_p50_ms,tpot_p95_ms,rps,tps,gpu_avg,gpu_p95,waiting_avg,waiting_max,wait_active_pct,waiting_capacity_avg,waiting_deferred_avg,kv_max_pct,power_avg_w,active_samples,draft_rounds,draft_tokens,accepted_tokens,K_observed,acceptance_pct,mean_acceptance_length
A,default_vllm_formal,1,results\summary\default_vllm_formal_c1_20260822_184623_382007.json,64,0,178.10844949963212,482.95622799923876,680.5493054989711,986.6273009993165,6.610894861846885,6.677241657885851,1.3542319381928385,104.27585924084856,74.82317073170732,100.0,0.0,0.0,0.0,0.0,0.0,0.10175897659543409,341.68040243902436,164,,,,,,
A,default_vllm_formal,4,results\summary\default_vllm_formal_c4_20260822_184713_814761.json,64,0,292.6277630003824,641.2371750011516,816.1056339995412,1148.7047500013432,6.705959342106756,7.214125605275369,4.688625310367485,361.0241488982963,74.92727272727272,100.0,0.0,0.0,0.0,0.0,0.0,0.40703590638173637,387.6799454545455,55,,,,,,
A,default_vllm_formal,16,results\summary\default_vllm_formal_c16_20260822_184730_684808.json,160,0,371.94619349975255,706.2083710006846,925.6597740013603,1302.781110000069,7.322928335545504,8.264528355252159,16.455219781870092,1267.0519232039971,82.0952380952381,100.0,0.0,0.0,0.0,0.0,0.0,1.4100886756795994,432.1270238095238,42,,,,,,
A,default_vllm_formal_rerun1,4,results\summary\default_vllm_formal_rerun1_c4_20260824_130054_428431.json,64,0,272.2193959999686,443.52627299997494,778.6318910000318,924.1859119999845,6.667443348683534,7.379853749999879,4.8223975805942105,371.32461370575425,64.12,100.0,0.0,0.0,0.0,0.0,0.0,0.36342491641226937,345.30989999999997,50,,,,,,
A,default_vllm_formal_rerun1,16,results\summary\default_vllm_formal_rerun1_c16_20260824_130111_378331.json,160,0,354.50847549998343,722.9048919999741,931.0833624999759,1302.2871470000155,7.66739857894699,8.481640434210572,16.433103141187377,1265.348941871428,90.0,100.0,0.0,0.0,0.0,0.0,0.0,1.3374036923971544,427.30302173913043,46,,,,,,
A,default_vllm_formal_rerun2,4,results\summary\default_vllm_formal_rerun2_c4_20260824_130400_636665.json,64,0,213.45610550008587,277.28320000005624,742.3154929999782,795.6243359999462,6.7868894736845595,7.321040618421648,5.350510249386749,411.98928920277973,72.54901960784314,100.0,0.0,0.0,0.0,0.0,0.0,0.36342491641226937,384.97898039215687,51,,,,,,
A,default_vllm_formal_rerun2,16,results\summary\default_vllm_formal_rerun2_c16_20260824_130415_551519.json,160,0,324.7222539999939,481.230523000022,862.429020499917,986.4177030001429,6.997841006578579,7.8790045131576765,18.30393087650865,1409.4026774911663,60.529411764705884,100.0,0.0,0.0,0.0,0.0,0.0,1.5263846489315336,394.2099117647059,34,,,,,,
B,matched_baseline_formal,1,results\summary\matched_baseline_formal_c1_20260817_171846_234755.json,64,0,334.7508540027775,689.1430839896202,863.2566669984953,1405.8229170041159,6.935988210515413,11.24636786813713,1.0902210011824809,83.94701709105102,54.76969696969697,87.0,0.0,0.0,0.0,0.0,0.0,0.19006244909041126,220.1006,165,,,,,,
B,matched_baseline_formal,2,results\summary\matched_baseline_formal_c2_20260817_171948_176660.json,64,0,344.25458349869587,689.1944580129348,891.6754794918234,1227.7896250016056,7.04623849340255,8.410932013296252,2.0866461302924844,160.6717520325213,66.26612903225806,86.0,0.0,0.0,0.0,0.0,0.0,0.3801248981808336,291.4630564516129,124,,,,,,
B,matched_baseline_formal,4,results\summary\matched_baseline_formal_c4_20260817_172022_121738.json,64,0,361.0226460004924,534.6870420034975,947.2834375046659,1695.7531250081956,7.391693802721995,17.058708881545737,3.923355893956985,302.0984038346878,47.40350877192982,87.0,0.0,0.0,0.0,0.0,0.0,0.7602497963616672,292.27531578947367,57,,,,,,
B,matched_baseline_formal,8,results\summary\matched_baseline_formal_c8_20260817_172041_856953.json,80,0,505.42866700561717,523.8413329934701,1048.5584169946378,1107.0652920170687,7.463520013276904,9.087568526171564,7.603427222867885,585.4638961608272,82.38235294117646,92.0,0.0,0.0,0.0,0.0,0.0,1.5204995927233234,306.72826470588234,34,,,,,,
B,matched_baseline_formal,16,results\summary\matched_baseline_formal_c16_20260817_172056_664219.json,160,0,402.9207915009465,625.1311670057476,1238.7913334969198,1384.8200840002391,10.938438322467078,11.689118420977858,12.519435485627232,963.9965323932969,78.94736842105263,92.0,0.0,0.0,0.0,0.0,0.0,2.60657073038284,432.3968947368421,57,,,,,,
B,matched_baseline_formal,32,results\summary\matched_baseline_formal_c32_20260817_172115_100024.json,320,0,991.0215619893279,1051.605875021778,1866.5695209929254,1960.0446249824017,11.47816392116702,12.545581697562929,16.746812813312197,1289.504586625039,88.68085106382979,93.0,8.893617021276595,16.0,67.02127659574468,8.893617021276595,0.0,3.0409991854466467,492.9886489361702,94,,,,,,
B,matched_baseline_formal_rerun1,4,results\summary\matched_baseline_formal_rerun1_c4_20260822_190208_712923.json,64,0,264.0019704995211,621.7125019993546,816.8749899996328,1182.8590469995106,7.474914407901835,7.7891172236856,4.605657432897547,354.6356223331111,73.67857142857143,90.0,0.0,0.0,0.0,0.0,0.0,0.40887850467289377,345.9716071428571,56,,,,,,
B,matched_baseline_formal_rerun1,16,results\summary\matched_baseline_formal_rerun1_c16_20260822_190226_463112.json,160,0,349.7418054994341,806.7525789992942,975.089743999888,1465.0622560002375,8.185098486831663,8.685924697362536,14.617097814652833,1125.516531728268,71.44897959183673,89.0,0.0,0.0,0.0,0.0,0.0,1.4018691588784993,399.8939387755102,49,,,,,,
B,matched_baseline_formal_rerun2,4,results\summary\matched_baseline_formal_rerun2_c4_20260822_192108_791611.json,64,0,271.2872080001034,1003.0193900001905,823.2819309996557,1569.4954549999238,7.418019592107253,7.710197407887838,4.083567823037947,314.43472237392194,77.29230769230769,90.0,0.0,0.0,0.0,0.0,0.0,0.3796728971962593,356.0010461538462,65,,,,,,
B,matched_baseline_formal_rerun2,16,results\summary\matched_baseline_formal_rerun2_c16_20260822_192128_092460.json,160,0,354.4180310000229,553.3295539989922,977.4533250001696,1127.525265001168,8.10098929605374,8.783314921043042,15.816955848953905,1217.9056003694507,80.56,89.0,0.0,0.0,0.0,0.0,0.0,1.4602803738317793,440.79288,50,,,,,,
S,specdec_k5_formal,1,results\summary\specdec_k5_formal_c1_20260817_170234_804308.json,64,0,326.2111244985135,708.2307919918094,844.7582709923154,1425.0739580020308,6.876209151079436,7.294579500203805,1.086949356014104,83.69510041308601,44.42424242424242,84.0,0.0,0.0,0.0,0.0,0.0,0.19006244909041126,224.32984242424243,165,1920.0,9600.0,3200.0,5.0,33.333333333333336,2.666666666666667
S,specdec_k5_formal,2,results\summary\specdec_k5_formal_c2_20260817_170337_781272.json,64,0,320.07406250340864,408.86412499821745,884.596000003512,987.5069169793278,7.484569078913314,8.474730815674105,2.244319886061766,172.812631226756,48.83673469387755,81.0,0.0,0.0,0.0,0.0,0.0,0.3801248981808336,253.28316326530611,98,1920.0,9600.0,3200.0,5.0,33.333333333333336,2.666666666666667
S,specdec_k5_formal,4,results\summary\specdec_k5_formal_c4_20260817_170409_388815.json,64,0,312.3149165039649,460.9993339981884,860.1343750051456,1042.1592089987826,7.2966968226338444,8.161970934260784,4.443043085824225,342.1143176084654,69.45901639344262,87.0,0.0,0.0,0.0,0.0,0.0,0.7602497963616672,335.70781967213117,61,1920.0,9600.0,3200.0,5.0,33.333333333333336,2.666666666666667
S,specdec_k5_formal,8,results\summary\specdec_k5_formal_c8_20260817_170427_188322.json,80,0,346.210957999574,436.03812498622574,960.2299584948923,1099.283584015211,8.20496875664838,8.986466552749718,8.106388820814072,624.1919392026836,73.21951219512195,90.0,0.0,0.0,0.0,0.0,0.0,1.330437143632912,357.13860975609754,41,2400.0,12000.0,4000.0,5.0,33.333333333333336,2.666666666666667
S,specdec_k5_formal,16,results\summary\specdec_k5_formal_c16_20260817_170441_040021.json,160,0,477.3163540085079,724.6300840051845,1289.318708499195,1548.1070000096224,10.619266717089646,12.413173789498519,12.054005977953004,928.1584603023813,80.0327868852459,93.0,0.0,0.0,0.0,0.0,0.0,3.0409991854466467,423.8455081967213,61,4800.0,24000.0,8000.0,5.0,33.333333333333336,2.666666666666667
S,specdec_k5_formal,32,results\summary\specdec_k5_formal_c32_20260817_170459_905400.json,320,0,975.7058755058097,1046.2525000039022,1865.7671664986992,1960.3251249936875,11.708132677564496,12.487383763073012,16.60711516655569,1278.747867824788,88.64893617021276,93.0,8.0,16.0,92.55319148936171,8.0,0.0,2.552267173499867,491.4545,94,9600.0,48000.0,16000.0,5.0,33.333333333333336,2.666666666666667
S,specdec_k5_formal_rerun1,4,results\summary\specdec_k5_formal_rerun1_c4_20260822_191227_875686.json,64,0,262.50601150059083,384.1325359990151,806.0961740002313,915.9979129999556,6.9864325657937645,7.477124460532842,4.858779868688513,374.1260498890155,71.875,88.0,0.0,0.0,0.0,0.0,0.0,0.7602497963616672,333.99519642857143,56,1920.0,9600.0,3200.0,5.0,33.333333333333336,2.666666666666667
S,specdec_k5_formal_rerun1,16,results\summary\specdec_k5_formal_rerun1_c16_20260822_191244_663434.json,160,0,332.47537900024327,502.9762979993393,1154.0689864996239,1296.9019419997494,10.480254019727766,11.44117394738044,13.575100039048976,1045.282703006771,85.40350877192982,95.0,0.0,0.0,0.0,0.0,0.0,2.4436600597339098,448.9431052631579,57,4800.0,24000.0,8000.0,5.0,33.333333333333336,2.666666666666667
S,specdec_k5_formal_rerun2,4,results\summary\specdec_k5_formal_rerun2_c4_20260822_193041_392837.json,64,0,287.22143600043637,556.6690119994746,826.3603775003503,1104.627865999646,7.0057257960462795,7.435553355255826,4.633214747789758,356.75753557981136,70.8135593220339,89.0,0.0,0.0,0.0,0.0,0.0,0.7602497963616672,333.5730677966102,59,1920.0,9600.0,3200.0,5.0,33.333333333333336,2.666666666666667
S,specdec_k5_formal_rerun2,16,results\summary\specdec_k5_formal_rerun2_c16_20260822_193059_324082.json,160,0,369.3265910005721,646.820199001013,1192.6975360011056,1469.9177829988912,10.818385499999891,11.386550776311006,12.937979955324069,996.2244565599534,85.54098360655738,94.0,0.0,0.0,0.0,0.0,0.0,2.4436600597339098,445.44318032786884,61,4800.0,24000.0,8000.0,5.0,33.333333333333336,2.666666666666667
